Ref,Val,Package,PosX,PosY,Rot,Side
"C1_1","4.7uF","C_1206_3216Metric",120.600000,-72.050000,90.000000,top
"C1_2","4.7uF","C_1206_3216Metric",123.200000,-72.050000,90.000000,top
"C1_3","4.7uF","C_1206_3216Metric",125.800000,-72.050000,90.000000,top
"C1_4","4.7uF","C_1206_3216Metric",128.400000,-72.050000,90.000000,top
"C1_5","4.7uF","C_1206_3216Metric",131.000000,-72.050000,90.000000,top
"C1_6","4.7uF","C_1206_3216Metric",162.700000,-80.000000,0.000000,top
"C1_7","4.7uF","C_1206_3216Metric",162.691297,-82.507099,0.000000,top
"C1_8","4.7uF","C_1206_3216Metric",162.700000,-85.000000,0.000000,top
"C1_9","4.7uF","C_1206_3216Metric",162.716549,-87.550000,0.000000,top
"C1_10","4.7uF","C_1206_3216Metric",162.716549,-90.150000,0.000000,top
"C1_11","4.7uF","C_1206_3216Metric",162.716549,-92.750000,0.000000,top
"C1_12","4.7uF","C_1206_3216Metric",163.500000,-119.950000,-90.000000,top
"C1_13","4.7uF","C_1206_3216Metric",160.850000,-119.950000,-90.000000,top
"C1_14","4.7uF","C_1206_3216Metric",158.250000,-119.950000,-90.000000,top
"C1_15","4.7uF","C_1206_3216Metric",155.550000,-119.950000,-90.000000,top
"C1_16","4.7uF","C_1206_3216Metric",152.950000,-119.950000,-90.000000,top
"C1_17","4.7uF","C_1206_3216Metric",150.350000,-119.950000,-90.000000,top
"C1_18","4.7uF","C_1206_3216Metric",147.750000,-119.950000,-90.000000,top
"C2_1","8200pF","C_0603_1608Metric",114.877116,-78.825000,-90.000000,top
"C2_2","8200pF","C_0603_1608Metric",155.900000,-74.400000,180.000000,top
"C2_3","8200pF","C_0603_1608Metric",169.250000,-113.200000,90.000000,top
"C3_1","4.7uF","C_0603_1608Metric",117.975000,-78.075000,180.000000,top
"C3_2","4.7uF","C_0603_1608Metric",156.675000,-77.450000,90.000000,top
"C3_3","4.7uF","C_0603_1608Metric",166.225000,-113.925000,0.000000,top
"C4_1","100nF","C_0603_1608Metric",120.250000,-76.100000,90.000000,top
"C4_2","100nF","C_0603_1608Metric",158.650000,-79.750000,0.000000,top
"C4_3","100nF","C_0603_1608Metric",163.750000,-115.800000,-90.000000,top
"C5_1","47uF","C_1210_3225Metric",121.000000,-63.100000,90.000000,top
"C5_2","47uF","C_1210_3225Metric",124.500000,-63.100000,90.000000,top
"C5_3","47uF","C_1210_3225Metric",128.000000,-63.100000,90.000000,top
"C5_4","47uF","C_1210_3225Metric",171.929411,-80.495337,0.000000,top
"C5_5","47uF","C_1210_3225Metric",171.929411,-84.745337,0.000000,top
"C5_6","47uF","C_1210_3225Metric",171.929411,-88.995337,0.000000,top
"C5_7","47uF","C_2220_5750Metric",161.650000,-128.625000,-90.000000,top
"C5_8","47uF","C_2220_5750Metric",155.450000,-128.625000,-90.000000,top
"C5_9","47uF","C_2220_5750Metric",149.250000,-128.625000,-90.000000,top
"CD_1","100nF","C_0603_1608Metric",104.372491,-132.084874,0.000000,top
"CD_2","100nF","C_0603_1608Metric",106.647491,-134.509874,-90.000000,top
"CF1","1uF","C_1206_3216Metric",139.250000,-88.050000,90.000000,top
"CFT1","C_Feedthrough","NFM18CC101R1C3D",95.800000,-102.640618,0.000000,top
"CFT2","C_Feedthrough","NFM18CC101R1C3D",95.800000,-107.040618,0.000000,top
"CFT3","C_Feedthrough","NFM18CC101R1C3D",95.800000,-104.840618,0.000000,top
"CFT4","C_Feedthrough","NFM18CC101R1C3D",95.800000,-109.240618,0.000000,top
"D1","LED","LED_0603_1608Metric",149.600000,-139.787500,90.000000,top
"D2","LED","LED_0603_1608Metric",177.962500,-109.500000,180.000000,top
"D3","LED","LED_0603_1608Metric",145.800000,-67.712500,90.000000,top
"FL1","Common Mode Choke 215uH","PA2754NL",120.720000,-102.240000,0.000000,top
"IC1","MAX17639AFN+","MAX17793AFN",115.900000,-73.750000,180.000000,top
"IC2","MAX17639AFN+","MAX17793AFN",160.999572,-75.338000,90.000000,top
"IC3","MAX17639AFN+","MAX17793AFN",168.350000,-118.250000,0.000000,top
"J1","3.3V connector","AMASS_XT30PW-F_1x02_P2.50mm_Horizontal",134.900000,-65.000000,0.000000,top
"J2","5V connector","AMASS_XT30PW-F_1x02_P2.50mm_Horizontal",165.200000,-99.000000,-90.000000,top
"J3","7V connector","AMASS_XT30PW-F_1x02_P2.50mm_Horizontal",144.000000,-135.000000,180.000000,top
"J4","D-sub input","AMPHENOL_LD15P33E4GX00LF",89.505936,-101.828904,-90.000000,top
"J5","D-sub output","AMPHENOL_LD15P33E4GX00LF",113.745159,-140.466542,0.000000,top
"L1_1","2.2uH","IND_XGL1010-222MED",113.250000,-65.075000,90.000000,top
"L1_2","3.3uH","IND_XGL1010-222MED",169.675000,-72.750000,0.000000,top
"L1_3","3.3uH","IND_XGL1010-222MED",170.750000,-126.925000,-90.000000,top
"LF1","100uH","INDPM235220X1300N",145.000000,-102.250000,0.000000,top
"R1_1","3.32M","R_0603_1608Metric",111.500000,-72.575000,-90.000000,top
"R1_2","3.32M","R_0603_1608Metric",162.175000,-71.000000,180.000000,top
"R1_3","3.32M","R_0603_1608Metric",172.750000,-119.500000,90.000000,top
"R2_1","1.5M","R_0603_1608Metric",109.750000,-72.575000,90.000000,top
"R2_2","825k","R_0603_1608Metric",162.175000,-69.250000,0.000000,top
"R2_3","604k","R_0603_1608Metric",174.500000,-119.500000,-90.000000,top
"R3_1","158k","R_0603_1608Metric",111.500000,-75.825000,-90.000000,top
"R3_2","249k","R_0603_1608Metric",159.100000,-71.000000,180.000000,top
"R3_3","105k","R_0603_1608Metric",172.750000,-116.350000,90.000000,top
"R4_1","34.8k","R_0603_1608Metric",109.750000,-75.825000,90.000000,top
"R4_2","34k","R_0603_1608Metric",159.100000,-69.250000,0.000000,top
"R4_3","9.76k","R_0603_1608Metric",174.500000,-116.350000,-90.000000,top
"R5_1","75k","R_0603_1608Metric",113.250000,-78.848085,-90.000000,top
"R5_2","75k","R_0603_1608Metric",155.850000,-72.750000,180.000000,top
"R5_3","75k","R_0603_1608Metric",171.000000,-113.175000,90.000000,top
"R6_1","20k","R_0603_1608Metric",116.500000,-81.750000,-90.000000,top
"R6_2","20k","R_0603_1608Metric",153.700000,-76.250000,180.000000,top
"R6_3","20k","R_0603_1608Metric",167.500000,-111.425000,90.000000,top
"RLED_1","1k","R_0603_1608Metric",149.600000,-136.675000,-90.000000,top
"RLED_2","604R","R_0603_1608Metric",174.850000,-109.500000,0.000000,top
"RLED_3","261R","R_0603_1608Metric",145.800000,-64.500000,-90.000000,top
"RO1","1k","R_0603_1608Metric",128.822491,-128.884874,180.000000,top
"RO2","3k3","R_0603_1608Metric",128.854967,-131.945125,0.000000,top
"RO3","1k","R_0603_1608Metric",128.822491,-127.084874,180.000000,top
"RO4","3k3","R_0603_1608Metric",128.863384,-133.699716,0.000000,top
"RO5","1k","R_0603_1608Metric",128.822491,-125.284874,180.000000,top
"RO6","3k3","R_0603_1608Metric",128.822491,-135.447173,0.000000,top
"TP1","TestPoint 7V","TestPoint_Pad_D1.0mm",153.500000,-136.100000,180.000000,top
"TP2","TestPoint 5V","TestPoint_Pad_D1.0mm",161.750000,-109.350000,180.000000,top
"TP3","TestPoint 3.3V","TestPoint_Pad_D1.0mm",145.800000,-61.425000,0.000000,top
"TP4","TestPoint_GND","TestPoint_Plated_Hole_D3.0mm",162.500000,-60.000000,0.000000,top
"U1","VO615A-4","DIP-4_W10.16mm",113.067491,-125.324874,-90.000000,top
"U2","VO615A-4","DIP-4_W10.16mm",118.857232,-125.317891,-90.000000,top
"U3","VO615A-4","DIP-4_W10.16mm",124.647491,-125.324874,-90.000000,top
"U4","BME280","Bosch_LGA-8_2.5x2.5mm_P0.65mm_ClockwisePinNumbering",104.372491,-134.509874,180.000000,top
